Name,Price,Location,City,State,Country,Type,Foundation,Misc,Bedrooms,Lofts,Bathrooms,Size,Days on site,Number of views,Length,Width,Times dreamlisted,Link
Cute tiny house in move-in condition,8800,"LAKEWOOD, Colorado, United States",LAKEWOOD,Colorado,United States,Tiny House,Stationary,Used,0,1,1,230.0,0,0,,,,https://tinyhouselistings.com/listings/cute-tiny-house-in-move-in-condition
2019 Elm Equator,82000,"Hastings, Florida, United States",Hastings,Florida,United States,Tiny House,Mobile,Used,2,1,1,260.0,1,0,26.0,8.0,,https://tinyhouselistings.com/listings/2019-elm-equator
30’ Modern Tiny w/ land to rent (Rare Opportunity),95000,"Bonsall, California, United States",Bonsall,California,United States,Tiny House,Mobile,Comes With Land,2,2,1,415.0,0,0,30.0,8.5,2.0,https://tinyhouselistings.com/listings/30-modern-tiny-w-land-to-rent
Charming tiny home in quaint Patagonia Az,194000,"Patagonia, Arizona, United States",Patagonia,Arizona,United States,Tiny House,Stationary,Comes With Land,1,1,1,458.0,1,0,,,5.0,https://tinyhouselistings.com/listings/charming-tiny-home-in-quaint-patagonia-az
Custom 12X32 Lofted Barn Style Cabin,35000,"Lady Lake, Florida, United States",Lady Lake,Florida,United States,Tiny House,Stationary,New,2,2,1,384.0,0,0,32.0,12.0,,https://tinyhouselistings.com/listings/custom-tiny-homes-tiny_house-stationary
12X24 Tiny Home,20000,"Oneonta , Alabama, United States",Oneonta ,Alabama,United States,Tiny House,Stationary,Dual Lofts,1,2,1,288.0,2,0,12.0,24.0,11.0,https://tinyhouselistings.com/listings/12x24-tiny-h0me
2003 Blue Bird Roof Raise Bus Conversion Platform,42000,"Bentonville , Arkansas, United States",Bentonville ,Arkansas,United States,Converted Bus,Mobile,Used,0,0,0,320.0,3,0,40.0,8.0,21.0,https://tinyhouselistings.com/listings/2003-blue-bird-roof-raise-bus-conversion-platform
Beautiful 26' Tumbleweed TinyHome Farallon Alta,96000,"Middleboro, Massachusetts, United States",Middleboro,Massachusetts,United States,Tiny House,Mobile,Delivery Available,2,1,1,314.0,3,0,26.0,8.6,5.0,https://tinyhouselistings.com/listings/beautiful-26-tumbleweed-tinyhome-farallon-alta
Custom Go-Anywhere Tiny House,105000,"Conifer, Colorado, United States",Conifer,Colorado,United States,Tiny House,Mobile,Delivery Available,2,1,1,240.0,4,0,30.0,8.0,50.0,https://tinyhouselistings.com/listings/custom-go-anywhere-tiny-house
Wanderlust tiny house - NOAH certified,30000,"Northwood, Ohio, United States",Northwood,Ohio,United States,Tiny House,Mobile,Used,1,1,1,160.0,4,0,8.0,20.0,52.0,https://tinyhouselistings.com/listings/wanderlust-tiny-house-noah-certified
Professionally built tiny house with attached porch!,35000,"Catskill, New York, United States",Catskill,New York,United States,Tiny House,Mobile,Dual Lofts,1,2,1,160.0,4,0,20.0,8.0,16.0,https://tinyhouselistings.com/listings/professionally-built-tiny-house-with-attached-porch
Off Grid Skoolie- Envision Bus!,49900,"La Grande, Oregon, United States",La Grande,Oregon,United States,Converted Bus,Mobile,Delivery Available,2,0,1,250.0,5,0,38.0,8.0,103.0,https://tinyhouselistings.com/listings/off-grid-skoolie-envision-bus
"Beautifully finished, modern 20' tiny house with space for everything, 13' ceiling",37000,"Montpelier, Vermont, United States",Montpelier,Vermont,United States,Tiny House,Mobile,Delivery Available,1,1,1,160.0,6,0,20.0,8.0,34.0,https://tinyhouselistings.com/listings/beautifully-finished-modern-20-tiny-house-with-space-for-everything-tiny_house
"Brand New Cottage! Near Beaches! $29,900! 55+ Community",29900,"Clearwater, Florida, United States",Clearwater,Florida,United States,Park Model,Stationary,New,1,0,1,384.0,6,0,32.0,12.0,10.0,https://tinyhouselistings.com/listings/brand-new-cottage-near-beaches-29-900-55-community
"2019 16x8 tiny house shell, 90% complete.",25000,"Divide, Colorado, United States",Divide,Colorado,United States,Tiny House Shell,Mobile,Square Feet,0,0,0,128.0,7,0,16.0,8.0,14.0,https://tinyhouselistings.com/listings/2019-16x8-tiny-house-shell-90-complete
Luxurious & Modern 28' Tiny House!,80000,"Asheville, North Carolina, United States",Asheville,North Carolina,United States,Tiny House,Mobile,Used,1,2,1,238.0,3,0,28.0,8.5,79.0,https://tinyhouselistings.com/listings/luxurious-modern-28-tiny-house
Beautifully Renovated RV/Tiny Home!,25000,"Portland, Oregon, United States",Portland,Oregon,United States,RV,Mobile,Used,1,0,1,288.0,7,0,32.0,8.0,98.0,https://tinyhouselistings.com/listings/beautifully-renovated-rv-tiny-home
"Custom Built Tiny House , Delivery Available",39000,"Pepin, Wisconsin, United States",Pepin,Wisconsin,United States,Tiny House,Mobile,Delivery Available,0,1,1,144.0,8,0,18.0,7.0,28.0,https://tinyhouselistings.com/listings/custom-built-tiny-house-delivery-available
Cute and functional tiny home for sale with cat-walk,77000,"Abbotsford, British Columbia, Canada",Abbotsford,British Columbia,Canada,Tiny House,Mobile,Used,1,2,1,176.0,9,0,22.0,8.0,58.0,https://tinyhouselistings.com/listings/cute-and-functional-tiny-home-for-sale-with-cat-walk
$800 / 180ft2 - RV / Tiny House parking space available (east palo alto),800,"East Palo Alto, California, United States",East Palo Alto,California,United States,Parking,Stationary,Comes With Land,0,0,0,250.0,9,0,10.0,30.0,4.0,https://tinyhouselistings.com/listings/800-180ft2-rv-tiny-house-parking-space-available-east-palo-alto
Charming Tiny House with Ample Storage,69900,"Lafayette, Louisiana, United States",Lafayette,Louisiana,United States,Tiny House,Mobile,Comes With Land,1,2,1,375.0,9,0,28.0,8.5,182.0,https://tinyhouselistings.com/listings/charming-tiny-house-with-ample-storage
Work From Home Container Office,25000,"Sacramento, California, United States",Sacramento,California,United States,Tiny House,Stationary,New,1,0,0,126.0,9,0,20.0,8.0,10.0,https://tinyhouselistings.com/listings/work-from-home-container-office-other
Luxury Tiny House,125000,"Columbus, Ohio, United States",Columbus,Ohio,United States,Tiny House,Mobile,Delivery Available,1,1,1,315.0,10,0,32.0,8.5,76.0,https://tinyhouselistings.com/listings/luxury-tiny-house-with-sleeping-downstairs
Tiny House with all the features of a big Home,84900,"Winslow, Arkansas, United States",Winslow,Arkansas,United States,Tiny House,Stationary,Used,2,1,1,406.0,10,0,29.0,14.0,54.0,https://tinyhouselistings.com/listings/tiny-house-with-all-the-features-of-a-big-home
Ford E-450 Shuttle Bus,10000,"National city , California, United States",National city ,California,United States,Converted Bus,Mobile,Used,1,0,0,140.0,11,0,22.0,8.0,35.0,https://tinyhouselistings.com/listings/ford-e-450-shuttle-bus
Brand New Container Home,45000,"Darien, Georgia, United States",Darien,Georgia,United States,Container Home,Stationary,New,1,0,1,320.0,11,0,40.0,8.0,137.0,https://tinyhouselistings.com/listings/brand-new-container-home
Bohemian Renegade 2.0 - Features Loaded,79900,"Vancouver, British Columbia, Canada",Vancouver,British Columbia,Canada,Tiny House,Mobile,Delivery Available,1,1,1,235.0,12,0,28.0,8.5,36.0,https://tinyhouselistings.com/listings/bohemian-renegade-2-0
Custom built tiny home,30000,"Leonard, Texas, United States",Leonard,Texas,United States,Tiny House,Stationary,New,1,1,1,560.0,13,0,40.0,14.0,26.0,https://tinyhouselistings.com/listings/custom-built-tiny-home-tiny_house
Beautiful and Well Built Tiny Home,50000,"Santa Fe, New Mexico, United States",Santa Fe,New Mexico,United States,Tiny House,Mobile,Used,2,2,1,160.0,13,0,20.0,8.0,73.0,https://tinyhouselistings.com/listings/beautiful-and-well-built-tiny-home
"Cute, Classy Tiny House - Fully Furnished",25000,"Westminster, Colorado, United States",Westminster,Colorado,United States,Tiny House,Mobile,Used,1,2,1,108.0,13,0,18.0,6.0,66.0,https://tinyhouselistings.com/listings/cute-classy-tiny-house-fully-furnished
Beautiful tiny house,40000,"Virginia Beach , Virginia, United States",Virginia Beach ,Virginia,United States,Tiny House,Mobile,Dual Lofts,1,2,1,208.0,18,0,26.0,8.0,121.0,https://tinyhouselistings.com/listings/beautiful-tiny-house-tiny_house-purchase
Chef's dream tiny home!,85000,"Glenwood Springs, Colorado, United States",Glenwood Springs,Colorado,United States,Tiny House,Mobile,Square Feet,1,1,1,220.0,10,0,26.0,8.5,17.0,https://tinyhouselistings.com/listings/chef-s-dream-tiny-home
Skoolie Home for Sale!,34999,"San Antonio, Texas, United States",San Antonio,Texas,United States,Converted Bus,Mobile,New,1,1,1,210.0,18,0,,,16.0,https://tinyhouselistings.com/listings/skoolie-for-conversion
"Just Built, Brand NEW 20' THOW For Sale",65000,"Tacoma, Washington, United States",Tacoma,Washington,United States,Tiny House,Mobile,New,0,1,1,288.0,19,0,20.0,8.0,12.0,https://tinyhouselistings.com/listings/just-built-brand-new-thow-for-sale
Spirit of Adventure Bus,57000,"Merritt Island, Florida, United States",Merritt Island,Florida,United States,Converted Bus,Mobile,Delivery Available,1,0,1,300.0,19,0,37.0,7.5,78.0,https://tinyhouselistings.com/listings/spirit-of-adventure-bus
"Tiny House ""Berryessa"" by Petite Maison living",49900,"Napa, California, United States",Napa,California,United States,Tiny House,Mobile,New,2,1,1,240.0,19,0,30.0,8.0,168.0,https://tinyhouselistings.com/listings/tiny-house-berryessa-by-petite-maison-living
The Orca Tiny Home,120000,"Portland , Oregon, United States",Portland ,Oregon,United States,Tiny House,Mobile,New,2,2,1,240.0,20,0,30.0,8.5,72.0,https://tinyhouselistings.com/listings/the-orca-tiny-home
Blue Opal 16' Tiny House,35000,"Mills River, North Carolina, United States",Mills River,North Carolina,United States,Tiny House,Mobile,Comes With Land,1,2,1,136.0,21,0,16.0,8.5,129.0,https://tinyhouselistings.com/listings/tiny-sparrow-tiny_house
"Beautiful Spacious 3 Bedroom, 1.5 Bath Tiny Home",130000,"Tualatin, Oregon, United States",Tualatin,Oregon,United States,Tiny House,Mobile,Delivery Available,3,0,2,380.0,21,0,41.0,9.5,106.0,https://tinyhouselistings.com/listings/now-this-is-livin-too-tiny_house
Furnished tiny home with trailer,26500,"Austin, Texas, United States",Austin,Texas,United States,Tiny House,Mobile,Used,1,1,1,127.0,22,0,16.8,7.6,108.0,https://tinyhouselistings.com/listings/furnished-tiny-home-with-trailer
"Comfortable, Spacious RV. Home Sweet Home",12500,"Chilliwack, British Columbia, Canada",Chilliwack,British Columbia,Canada,Camper,Mobile,Used,2,0,1,240.0,22,0,30.0,8.0,49.0,https://tinyhouselistings.com/listings/comfortable-spacious-rv-home-sweet-home
The Beautiful Lookout,125000,"Sacramento, California, United States",Sacramento,California,United States,Tiny House,Mobile,Delivery Available,1,1,1,300.0,23,0,34.0,8.5,54.0,https://tinyhouselistings.com/listings/the-beautiful-lookout-tiny_house
Spacious Minimalist Tiny House on Wheels,49000,"Westbrook, Maine, United States",Westbrook,Maine,United States,Tiny House,Mobile,Used,0,1,1,170.0,23,0,20.0,8.5,22.0,https://tinyhouselistings.com/listings/spacious-minimalist-tiny-house-on-wheels
The Birdhouse Tiny Trailer!,7500,"Canton, Ohio, United States",Canton,Ohio,United States,Other,Mobile,Delivery Available,0,0,0,49.0,24,0,10.0,5.5,47.0,https://tinyhouselistings.com/listings/the-birdhouse-tiny-trailer
Breathtaking 34' Gooseneck Tiny House with Parking,119500,"Durango, Colorado, United States",Durango,Colorado,United States,Tiny House,Mobile,Comes With Land,2,0,1,292.0,25,0,34.0,8.6,160.0,https://tinyhouselistings.com/listings/breathtaking-34-gooseneck-tiny-house-with-parking
Your Dream Skoolie Tiny Home is in Boulder CO,35000,"Boulder, Colorado, United States",Boulder,Colorado,United States,Converted Bus,Mobile,Used,1,0,1,196.0,25,0,40.0,8.5,47.0,https://tinyhouselistings.com/listings/your-dream-skoolie-tiny-home-is-in-boulder-co
Tiny House in a Vintage Shell,55000,"Salem, Oregon, United States",Salem,Oregon,United States,Tiny House,Mobile,New,1,0,1,170.0,25,0,26.0,7.5,95.0,https://tinyhouselistings.com/listings/tiny-house-in-a-vintage-shell
Ambulance Conversion Van - 1994 Ford E350,17500,"Branford, Connecticut, United States",Branford,Connecticut,United States,Converted Bus,Mobile,Delivery Available,1,0,1,100.0,26,0,11.0,7.0,13.0,https://tinyhouselistings.com/listings/ambulance-conversion-van-1994-ford-e350
Custom 20' PNW Tiny House,55000,"Twisp, Washington, United States",Twisp,Washington,United States,Tiny House,Mobile,New,1,1,1,160.0,1,0,20.0,8.0,1.0,https://tinyhouselistings.com/listings/custom-20-pnw-tiny-house
Economical DIY opportunity,9950,"Waupaca, Wisconsin, United States",Waupaca,Wisconsin,United States,Tiny House Trailer,Mobile,Used,1,0,1,364.0,29,0,40.0,8.5,10.0,https://tinyhouselistings.com/listings/economical-diy-opportunity
20' Custom Charming + Functional Tiny House w/ LOFT,39995,"Middleboro, Massachusetts, United States",Middleboro,Massachusetts,United States,Tiny House,Mobile,Used,0,1,1,160.0,31,0,20.0,8.0,137.0,https://tinyhouselistings.com/listings/tiny_house-c5984d0b-49eb-4ec0-bdd4-b3da2aeeeedd
Tiny house. Dried in. You finish.,24000,"West Haven, Utah, United States",West Haven,Utah,United States,Tiny House Shell,Mobile,Dual Lofts,2,2,1,252.0,31,0,33.6,8.0,123.0,https://tinyhouselistings.com/listings/tiny-house-dried-in-you-finish
THOW Tiny House on Wheels for Sale 30 mins from Fort Worth,25000,"Azle, Texas, United States",Azle,Texas,United States,Tiny House,Mobile,Used,0,1,1,250.0,32,0,7.0,20.0,119.0,https://tinyhouselistings.com/listings/thow-tiny-house-on-wheels-for-sale-30-mins-from-fort-worth
8X26 Tiny House,39000,"san diego, California, United States",san diego,California,United States,Tiny House,Mobile,Delivery Available,1,2,1,262.0,32,0,8.5,26.0,138.0,https://tinyhouselistings.com/listings/custom-tiny-house-8-5-x-26-trailer-hardwoods-bathroom-kitchen
Tiny home all ready for your design details,8000,"Fennimore , Wisconsin, United States",Fennimore ,Wisconsin,United States,Tiny House,Mobile,New,0,0,0,182.0,34,0,26.0,7.0,28.0,https://tinyhouselistings.com/listings/tiny-home-all-ready-for-your-design-details
Charming Tiny House With Many Extras,44950,"Ringgold, Georgia, United States",Ringgold,Georgia,United States,Tiny House,Mobile,New,1,1,1,160.0,33,0,20.0,8.0,144.0,https://tinyhouselistings.com/listings/charming-tiny-house-with-many-extras
Custom Tumbleweed Cypress,49500,"Bloomington, Indiana, United States",Bloomington,Indiana,United States,Tiny House,Mobile,Used,0,2,1,288.0,35,0,24.0,8.0,116.0,https://tinyhouselistings.com/listings/custom-tumbleweed-cypress
Modern Tiny House,58000,"Portland, Oregon, United States",Portland,Oregon,United States,Tiny House,Mobile,Used,0,1,1,198.0,17,0,20.0,8.0,41.0,https://tinyhouselistings.com/listings/modern-tiny-house-30cb77c6-0394-4ad5-a8e5-62e6e610d754
Perfect single person tiny house,30000,"New Hope, Pennsylvania, United States",New Hope,Pennsylvania,United States,Tiny House,Mobile,Square Feet,1,2,1,90.0,36,0,18.0,5.0,93.0,https://tinyhouselistings.com/listings/perfect-single-person-tiny-house
Skoolie build in Progress will be done in 1 Month,32000,"San Antonio, Texas, United States",San Antonio,Texas,United States,Converted Bus,Stationary,New,1,0,1,230.0,36,0,37.0,8.0,52.0,https://tinyhouselistings.com/listings/skoolie-build-in-progress-will-be-done-in-1-month
2015 Tumbleweed Cypress Overlook Tiny House,60000,"Durango, Colorado, United States",Durango,Colorado,United States,Tiny House,Mobile,Delivery Available,0,1,1,188.0,36,0,20.0,8.0,112.0,https://tinyhouselistings.com/listings/2015-tumbleweed-cypress-overlook-tiny-house
Dreamcatcher,105000,"Jacksboro, Texas, United States",Jacksboro,Texas,United States,Tiny House,Mobile,New,2,1,1,320.0,36,0,32.0,8.0,61.0,https://tinyhouselistings.com/listings/dreamcatcher
"Rough Electrical, Plumbing, & Framed Container Home",14800,"Elwood , Utah, United States",Elwood ,Utah,United States,Container Home,Mobile,Delivery Available,2,0,1,320.0,38,0,40.0,8.0,34.0,https://tinyhouselistings.com/listings/rough-electrical-plumbing-framed-container-home
New Container Home,55000,"Miami, Florida, United States",Miami,Florida,United States,Container Home,Mobile,Delivery Available,2,0,2,424.0,38,0,53.0,8.0,159.0,https://tinyhouselistings.com/listings/new-container-home-container_home
New Affordable Container Home,40000,"Miami, Florida, United States",Miami,Florida,United States,Tiny House,Mobile,Delivery Available,1,0,1,320.0,38,0,40.0,8.0,197.0,https://tinyhouselistings.com/listings/new-container-home
8x24 Tiny House on Trailer,59900,"Linden, Tennessee, United States",Linden,Tennessee,United States,Tiny House,Mobile,Delivery Available,2,1,1,192.0,37,0,24.0,8.0,44.0,https://tinyhouselistings.com/listings/8x24-tiny-house-on-trailer
"Tiny House Parking Spot w/Water, Electric, Sewer Hookup",350,"Calera, Alabama, United States",Calera,Alabama,United States,Parking,Stationary,Square Feet,0,0,0,0.0,38,0,,,27.0,https://tinyhouselistings.com/listings/tiny-house-parking-spot-w-water-electric-sewer-hookup
Beautiful Tiny Home with Smart Technology,65000,"Conroe, Texas, United States",Conroe,Texas,United States,Tiny House,Stationary,Used,1,1,1,399.0,38,0,26.0,15.0,51.0,https://tinyhouselistings.com/listings/beautiful-tiny-home-with-smart-technology
Rail road caboose tiny house,80000,"Pensacola, Florida, United States",Pensacola,Florida,United States,Other,Mobile,Used,1,2,1,431.0,40,0,41.0,10.6,13.0,https://tinyhouselistings.com/listings/rail-road-caboose-tiny-house
Modern Tiny House in wheels for sale professionally built,69000,"Laredo, Texas, United States",Laredo,Texas,United States,Tiny House Trailer,Mobile,New,1,2,1,195.0,40,0,24.0,8.0,231.0,https://tinyhouselistings.com/listings/modern-tiny-house-in-wheels-for-sale-professionally-built-tiny_house_trailer
Duramax Gable Roof Tiny House/Insulated Building 8.5' x 26',9999,"Commerce, California, United States",Commerce,California,United States,Tiny House,Stationary,New,0,1,0,240.0,40,0,26.4,8.5,11.0,https://tinyhouselistings.com/listings/duramax-gable-roof-tiny-house-insulated-building-8-5-x-26
Affordable 20' Container on Wheels With French Doors,20000,"Elwood, Utah, United States",Elwood,Utah,United States,Container Home,Mobile,Delivery Available,1,1,1,160.0,41,0,20.0,8.0,87.0,https://tinyhouselistings.com/listings/affordable-20-container-on-wheels-with-french-doors
Tiny House trailer proffesionally built DOT for tiny house,6000,"Laredo, Texas, United States",Laredo,Texas,United States,Tiny House Trailer,Mobile,Delivery Available,0,0,0,192.0,41,0,24.0,8.0,22.0,https://tinyhouselistings.com/listings/tiny-house-trailer-proffesionally-built-dot-for-tiny-house
2019 Gypsy Wagon Tiny House on Wheels,25000,"Lawtey, Florida, United States",Lawtey,Florida,United States,Tiny House,Mobile,Delivery Available,1,0,1,88.0,42,0,16.0,8.0,68.0,https://tinyhouselistings.com/listings/2019-gypsy-wagon-tiny-house-on-wheels
Ready to Roll Repurposed Horse Trailer,17000,"Naples , Florida, United States",Naples ,Florida,United States,Camper,Mobile,New,1,0,1,102.0,43,0,17.0,6.0,147.0,https://tinyhouselistings.com/listings/ready-to-roll-repurposed-horse-trailer
Micro tiny house,4500,"Orlando, , Florida, United States",Orlando,,Florida,Tiny House,Mobile,Used,1,1,1,96.0,43,0,12.0,6.5,34.0,https://tinyhouselistings.com/listings/micro-tiny-house
"Tiny house kab'inn joy / minimalist, modern, mobile, eco, turnkey",47960,"Sofia, Sofia-Grad, Bulgaria",Sofia,Sofia-Grad,Bulgaria,Tiny House,Mobile,Delivery Available,1,0,1,3598906558.924229,43,0,105378.00089589141,34231.07035471653,124.0,https://tinyhouselistings.com/listings/tiny-house-kab-inn-joy-minimalist-modern-mobile-eco-turnkey
Move in ready Tiny Home,38000,"Dinuba , California, United States",Dinuba ,California,United States,Container Home,Stationary,Square Feet,0,1,1,144.0,46,0,18.0,8.0,20.0,https://tinyhouselistings.com/listings/move-in-ready-tiny-home
Beautiful Fully Furnished Park Model Home on the Pond with $4000 lot rent credit,44900,"P:unta Gorda, Florida, United States",P:unta Gorda,Florida,United States,Park Model,Stationary,New,1,0,1,400.0,46,0,,,68.0,https://tinyhouselistings.com/listings/great-55-community-6-months-free-lot-rent-fully-furnished
32' lofted barn cabin,34000,"Okeechobee, Florida, United States",Okeechobee,Florida,United States,Tiny House,Stationary,Dual Lofts,1,2,1,380.0,46,0,32.0,12.0,55.0,https://tinyhouselistings.com/listings/32-lofted-barn-cabin
Brand New Luxury Container Home,65000,"Royse City, Texas, United States",Royse City,Texas,United States,Container Home,Stationary,New,1,0,1,320.0,47,0,40.0,8.0,9.0,https://tinyhouselistings.com/listings/brand-new-luxury-container-home
Converted School Bus,8000,"Chimacum, Washington, United States",Chimacum,Washington,United States,Converted Bus,Mobile,Used,1,0,0,360.0,47,0,36.0,,72.0,https://tinyhouselistings.com/listings/converted-school-bus-converted_bus-mobile
2018 Cabin Home for sale,43000,"Wink, Texas, United States",Wink,Texas,United States,Other,Stationary,Used,1,2,1,300.0,47,0,32.0,12.0,13.0,https://tinyhouselistings.com/listings/2018-cabin-home-for-sale
Cozy tiny house with Grand Views!,57500,"Woodland park, Colorado, United States",Woodland park,Colorado,United States,Tiny House,Mobile,Square Feet,0,1,1,220.0,48,0,20.0,8.0,30.0,https://tinyhouselistings.com/listings/cozy-tiny-house-with-grand-views
"Very Nice Budget-Friendly, Upgraded Tiny House",32500,"Georgetown, Texas, United States",Georgetown,Texas,United States,Tiny House,Mobile,Delivery Available,1,2,1,208.0,48,0,18.0,8.5,105.0,https://tinyhouselistings.com/listings/very-nice-budget-friendly-upgraded-tiny-house
Brand New Luxury Tiny Home For Sale,85000,"Hildale, Utah, United States",Hildale,Utah,United States,Tiny House,Mobile,Delivery Available,1,2,1,200.0,49,0,20.0,8.5,242.0,https://tinyhouselistings.com/listings/brand-new-luxury-tiny-home-for-sale
La Canada Adventurer 1948 travel trailer,10500,"Madrid, New Mexico, United States",Madrid,New Mexico,United States,RV,Mobile,Square Feet,1,0,0,170.0,50,0,19.0,9.0,61.0,https://tinyhouselistings.com/listings/la-canada-adventurer-1948-travel-trailer
Great Tiny House with Big Kitchen!,80000,"Medford , New York, United States",Medford ,New York,United States,Tiny House,Mobile,Delivery Available,0,1,1,200.0,51,0,24.0,8.0,92.0,https://tinyhouselistings.com/listings/great-tiny-house-with-big-kitchen
Cabin Style 24' Tiny House - Reduced price!,54000,"Chattanooga, Tennessee, United States",Chattanooga,Tennessee,United States,Tiny House,Mobile,Delivery Available,2,1,1,220.0,52,0,24.0,8.0,27.0,https://tinyhouselistings.com/listings/affordable-tiny-house-reduced-price-49d54732-c764-4a17-93c1-f45b845c7b07
"Handcrafted Tiny Guest House for Sale $35,000",35000,"Windsor, California, United States",Windsor,California,United States,Tiny House,Mobile,Used,1,2,1,127.0,52,0,17.0,8.0,32.0,https://tinyhouselistings.com/listings/handcrafted-tiny-guest-house-for-sale-35-000
Cabin in Texas,40000,"Georgetown, Texas, United States",Georgetown,Texas,United States,Cabin,Mobile,Used,2,0,1,20.0,52,0,20.0,20.0,35.0,https://tinyhouselistings.com/listings/cabin-in-texas
Living BIG in a tiny!,130000,"Binghamton, New York, United States",Binghamton,New York,United States,Tiny House,Mobile,Used,1,1,1,350.0,52,0,38.0,8.6,231.0,https://tinyhouselistings.com/listings/living-big-in-a-tiny
10' x 32' Tiny Home on 3 axle trailer,15500,"Pawnee, Oklahoma, United States",Pawnee,Oklahoma,United States,Tiny House Shell,Mobile,New,1,0,1,320.0,53,0,32.0,10.0,24.0,https://tinyhouselistings.com/listings/10-x-32-tiny-home-on-3-axle-trailer
Nordic and Spruce Custom Tinyhouses and Studios,9000,"Monterey, Tennessee, United States",Monterey,Tennessee,United States,Tiny House,Mobile,Delivery Available,0,0,0,130.0,53,0,16.0,8.0,152.0,https://tinyhouselistings.com/listings/nordic-and-spruce-custom-tinyhouses-and-studios
"Beautiful New Tiny House, Delivery Available",57000,"Bluffton, Ohio, United States",Bluffton,Ohio,United States,Tiny House,Mobile,New,2,1,1,250.0,53,0,20.0,8.5,231.0,https://tinyhouselistings.com/listings/price-reduced-cozy-and-beautiful-custom-tiny-on-wheels-tiny_house
She Shed/Husband Hideout/Quarentine Clubhouse/Writer's Retreat/Snack Shack.,3500,"Petersburg, Illinois, United States",Petersburg,Illinois,United States,Tiny House,Mobile,New,0,0,0,60.0,53,0,16.0,8.0,81.0,https://tinyhouselistings.com/listings/she-shed-husband-hideout-quarentine-clubhouse-writer-s-retreat-snack-shack
Affordable 20' Container Home on Wheels for $20k,20000,"Elwood, Utah, United States",Elwood,Utah,United States,Container Home,Mobile,Delivery Available,0,1,1,160.0,54,0,20.0,8.0,92.0,https://tinyhouselistings.com/listings/affordable-20-container-home-on-wheels-for-20k
"Design your own, New & affordable Tiny House,",18000,"Rolla, Missouri, United States",Rolla,Missouri,United States,Tiny House,Mobile,New,0,0,0,192.0,54,0,24.0,8.0,50.0,https://tinyhouselistings.com/listings/design-your-own-tiny-house
ECO Container Tiny House (Can be shipped to you),31999,"chicago, Illinois, United States",chicago,Illinois,United States,Container Home,Stationary,New,0,1,1,160.0,55,0,,,80.0,https://tinyhouselistings.com/listings/eco-container-tiny-house-can-be-shipped-to-you
"This quaint, country, songwriters cabin is a wonderful place to live, vacation, seek solitude or play. It offers a little something for everyone.",85000,"Nunnelly, Tennessee, United States",Nunnelly,Tennessee,United States,Cabin,Stationary,Comes With Land,4,2,1,240.0,55,0,20.0,12.0,140.0,https://tinyhouselistings.com/listings/this-quaint-country-songwriters-cabin-is-a-wonderful-place-to-live-vacation-seek-solitude-or-play-it-offers-a-little-something-for-everyone
2004 Ford E-450 7.3L Diesel Engine Tiny House/Mini Bus For Sale!,52000,"Croton on Hudson, New York, United States",Croton on Hudson,New York,United States,Converted Bus,Mobile,Square Feet,2,0,0,125.0,56,0,,,116.0,https://tinyhouselistings.com/listings/2004-ford-e-450-7-3l-diesel-engine-tiny-house-mini-bus-for-sale-converted_bus
"Super compact, somewhat unfinished Gifford-style tiny home",14000,"Gunnison, Colorado, United States",Gunnison,Colorado,United States,Tiny House,Mobile,Used,1,1,1,78.0,56,0,14.0,7.0,95.0,https://tinyhouselistings.com/listings/super-compact-somewhat-unfinished-gifford-style-tiny-home
Tiny House Frame ready for customization,20000,"DALLAS, Texas, United States",DALLAS,Texas,United States,Tiny House Trailer,Mobile,New,1,1,1,160.0,11,0,20.0,8.0,7.0,https://tinyhouselistings.com/listings/tiny-house-frame-ready-for-customization
"Premium parking in rural Texas, minutes from San Antonio & New Braunfels!!",700,"Marion, Texas, United States",Marion,Texas,United States,Parking,Stationary,Square Feet,0,0,0,10000.0,58,0,,,10.0,https://tinyhouselistings.com/listings/premium-parking-in-rural-texas-minutes-from-san-antonio-new-braunfels
"The New 2021 Ranch House Under $50,000",49875,"Mansfield, Texas, United States",Mansfield,Texas,United States,Tiny House,Mobile,Square Feet,1,0,1,399.0,60,0,32.0,15.0,339.0,https://tinyhouselistings.com/listings/the-new-2021-ranch-house-under-50-000
Duramax Gable Roof Tiny House/Insulated Building 8.5' x 20',7599,"Los Angeles, California, United States",Los Angeles,California,United States,Tiny House,Stationary,New,1,1,1,160.0,61,0,20.0,8.5,31.0,https://tinyhouselistings.com/listings/duramax-gable-roof-tiny-house-insulated-building-8-5-x-20
Mt Bachelor,76995,"Salem, Oregon, United States",Salem,Oregon,United States,Park Model,Mobile,Delivery Available,1,1,1,400.0,62,0,43.0,12.0,164.0,https://tinyhouselistings.com/listings/mt-bachelor-park_model
"Poseidon, Crypto Accepted",120000,"appleton, Wisconsin, United States",appleton,Wisconsin,United States,Tiny House,Mobile,Delivery Available,1,1,1,320.0,62,0,42.0,8.5,170.0,https://tinyhouselistings.com/listings/extremely-energy-efficient-modern-tiny-house
"New Super Affordable Tiny House, Delivery Available",45000,"Cave Creek, Arizona, United States",Cave Creek,Arizona,United States,Tiny House,Mobile,Delivery Available,2,1,1,230.0,63,0,25.0,8.0,245.0,https://tinyhouselistings.com/listings/new-super-affordable-tiny-house-delivery-available
Wrap around porch Park Model RV!! 2 bed 1 bath,62900,"Mansfield , Texas, United States",Mansfield ,Texas,United States,Park Model,Mobile,New,2,0,1,399.0,63,0,55.0,15.0,143.0,https://tinyhouselistings.com/listings/wrap-around-porch-park-model-rv-2-bed-1-bath
Farm House Style Park Model RV very open!!,63900,"Mansfield , Texas, United States",Mansfield ,Texas,United States,Park Model,Mobile,New,1,0,1,399.0,63,0,36.0,15.0,285.0,https://tinyhouselistings.com/listings/farm-house-style-park-model-rv-very-open
Modern & cozy Park Model RV no loft,57900,"Mansfield , Texas, United States",Mansfield ,Texas,United States,Park Model,Mobile,New,1,0,1,399.0,63,0,35.0,15.0,264.0,https://tinyhouselistings.com/listings/modern-cozy-park-model-rv-no-loft
Cute Tiny House Near Downtown Denver,32000,"Lakewood, Colorado, United States",Lakewood,Colorado,United States,Tiny House,Mobile,Used,1,1,1,250.0,64,0,20.0,25.0,12.0,https://tinyhouselistings.com/listings/cute-tiny-house-near-downtown-denver
Self-Built Eco-Conscious Tiny Home on Wheels,35000,"Bloomington, Indiana, United States",Bloomington,Indiana,United States,Tiny House,Mobile,Used,1,1,1,180.0,64,0,24.0,8.75,141.0,https://tinyhouselistings.com/listings/self-built-eco-conscious-tiny-home-on-wheels-tiny_house
20’ Mobile Container Home,20000,"Elwood, Utah, United States",Elwood,Utah,United States,Container Home,Mobile,Delivery Available,1,1,1,160.0,65,0,20.0,8.0,83.0,https://tinyhouselistings.com/listings/20-mobile-container-home
Luxurious 35' GooseneckTiny House For Sale! With a kegerator,132500,"Chattanooga, Tennessee, United States",Chattanooga,Tennessee,United States,Tiny House,Mobile,Delivery Available,1,1,1,280.0,66,0,35.0,8.5,298.0,https://tinyhouselistings.com/listings/luxurious-35-goosenecktiny-house-for-sale-with-a-kegerator-tiny_house
Edgewater Office/ADU,28995,"Salem, Oregon, United States",Salem,Oregon,United States,Park Model,Mobile,Delivery Available,1,1,1,264.0,67,0,24.0,11.0,16.0,https://tinyhouselistings.com/listings/edgewater-office-adu
Custom 24X8 Tiny House on Wheels,70000,"Maryville, Tennessee, United States",Maryville,Tennessee,United States,Tiny House,Mobile,Delivery Available,2,1,1,192.0,68,0,24.0,8.0,182.0,https://tinyhouselistings.com/listings/custom-24x8-tiny-house-on-wheels
ULTRA HIGH END Eco Tiny Home Featured on Living Big in a Tiny House - Humble Hand Craft,150000,"Ojai, California, United States",Ojai,California,United States,Tiny House,Mobile,Used,1,2,1,290.0,47,0,28.0,8.5,89.0,https://tinyhouselistings.com/listings/ultra-high-end-eco-tiny-home-featured-on-living-big-in-a-tiny-house-humble-hand-craft
Modern Penthouse Micro Unit,22500,"Phoenix, Arizona, United States",Phoenix,Arizona,United States,Container Home,Stationary,New,1,0,1,80.0,69,0,10.0,8.0,35.0,https://tinyhouselistings.com/listings/modern-penthouse-micro-unit-container_home
Nature's Retreat Solid Wood Custom Built Tiny Home 12' x 30' - 1 Bedroom/1 Bathroom,59500,"Albany, Kentucky, United States",Albany,Kentucky,United States,Tiny House,Mobile,New,1,0,1,350.0,69,0,30.0,12.0,72.0,https://tinyhouselistings.com/listings/nature-s-retreat-solid-wood-custom-built-mini-home-12-x-30
All Natural Wood Tiny Home - Tons of Natural Light & Main Floor Bed,79000,"Parker, Colorado, United States",Parker,Colorado,United States,Tiny House,Mobile,Delivery Available,1,0,1,240.0,70,0,29.0,8.0,284.0,https://tinyhouselistings.com/listings/all-natural-wood-tiny-home-tons-of-natural-light-main-floor-bed
One floor living. Queen murphy bed/6' closet.,20000,"Royal Palm Beach, Florida, United States",Royal Palm Beach,Florida,United States,Tiny House,Mobile,Delivery Available,1,0,1,204.0,71,0,24.0,8.6,235.0,https://tinyhouselistings.com/listings/one-floor-living-queen-murphy-bed-6-closet
8x24 - Queen sized murphy bed and 6 feet of linear closet space,20000,"Royal Palm Beach, Florida, United States",Royal Palm Beach,Florida,United States,Tiny House,Mobile,Delivery Available,1,0,1,204.0,4,0,24.0,8.48,40.0,https://tinyhouselistings.com/listings/8x24-20-000
The Washougal,78995,"Salem, Oregon, United States",Salem,Oregon,United States,Park Model,Mobile,New,1,1,1,400.0,74,0,43.0,12.0,189.0,https://tinyhouselistings.com/listings/the-washougal
Modern Penthouse Container Home,65000,"Phoenix, Arizona, United States",Phoenix,Arizona,United States,Container Home,Mobile,New,1,0,1,320.0,75,0,40.0,8.0,248.0,https://tinyhouselistings.com/listings/modern-penthouse-container-home
Sweet Red The Avion trailer 28',10500,"Madrid, New Mexico, United States",Madrid,New Mexico,United States,Camper,Mobile,Square Feet,0,0,0,180.0,77,0,28.0,7.5,152.0,https://tinyhouselistings.com/listings/sweet-red-the-avion-trailer-28
Used tiny house 12X32ft,15000,"Macomb, Oklahoma, United States",Macomb,Oklahoma,United States,Cabin,Stationary,Used,1,2,1,384.0,78,0,31.0,1.0,21.0,https://tinyhouselistings.com/listings/used-tiny-house-12x32ft
Blessed Value,65000,"La Grande, Oregon, United States",La Grande,Oregon,United States,Tiny House,Mobile,New,1,2,1,297.0,78,0,35.0,8.5,310.0,https://tinyhouselistings.com/listings/blessed-value
Stunning 2020 26ft Double Loft RVIA Certified,79999,"Croswell, Michigan, United States",Croswell,Michigan,United States,Tiny House,Mobile,Used,2,2,1,250.0,79,0,26.0,9.0,205.0,https://tinyhouselistings.com/listings/stunning-2020-26ft-double-loft-rvia-certified
"(10x20) 200sqft no permit cabins, playhouses, shed-sheds, studios and offices, kids, campground rentals, coffee huts and more.",19800,"Delta, Colorado, United States",Delta,Colorado,United States,Tiny House,Mobile,Delivery Available,1,1,1,200.0,79,0,20.0,10.0,58.0,https://tinyhouselistings.com/listings/10x20ft-no-permit-playhouses-cabins-on-wood-skids-runners-8x20ft-tiny-houses-on-wheels-add-6k-trailer
Fully Off Grid 4x4 Chevy Van,40000,"Oakland, California, United States",Oakland,California,United States,Converted Bus,Mobile,Delivery Available,1,0,1,72.0,79,0,20.0,6.0,49.0,https://tinyhouselistings.com/listings/fully-off-grid-4x4-chevy-van
Ho'onanea Volcano Tiny House,175800,"Volcano, Hawaii, United States",Volcano,Hawaii,United States,Tiny House,Mobile,Comes With Land,0,1,1,384.0,82,0,28.0,,174.0,https://tinyhouselistings.com/listings/hoo
Beautiful 38' tiny house with main floor sleeping for sale,84800,"Chattanooga, Tennessee, United States",Chattanooga,Tennessee,United States,Tiny House,Mobile,Delivery Available,1,2,1,304.0,83,0,38.0,8.5,80.0,https://tinyhouselistings.com/listings/beautiful-38-tiny-house-with-main-floor-sleeping-for-sale-tiny_house
Affordable Tiny House - Reduced price!,37100,"Chattanooga, Tennessee, United States",Chattanooga,Tennessee,United States,Tiny House,Mobile,Square Feet,1,1,1,200.0,83,0,25.0,8.0,19.0,https://tinyhouselistings.com/listings/affordable-tiny-house-reduced-price-tiny_house-mobile-purchase
Modular Cabin/Tiny Home,40000,"Manheim, Pennsylvania, United States",Manheim,Pennsylvania,United States,Cabin,Stationary,New,0,1,1,336.0,84,0,12.0,28.0,234.0,https://tinyhouselistings.com/listings/modular-cabin-tiny-home
Main Floor Sleeping!! Beautiful 32' x 10' tiny house.,132500,"Chattanooga, Tennessee, United States",Chattanooga,Tennessee,United States,Tiny House,Mobile,New,1,1,1,320.0,84,0,32.0,10.0,370.0,https://tinyhouselistings.com/listings/main-floor-sleeping-beautiful-32-x-10-tiny-house-tiny_house
Stunning quiet Farm House Style set up in an RV Park,59900,"Alvarado , Texas, United States",Alvarado ,Texas,United States,Park Model,Stationary,New,1,0,1,399.0,84,0,26.0,15.0,72.0,https://tinyhouselistings.com/listings/stunning-quiet-farm-house-style-set-up-in-an-rv-park
Tiny Is Good,45000,"Mansfield, Texas, United States",Mansfield,Texas,United States,Tiny House,Mobile,New,1,1,1,399.0,84,0,40.0,15.0,263.0,https://tinyhouselistings.com/listings/tiny-is-good-tiny_house
The Outdoorsman Cabin model,72000,"Mansfield, Texas, United States",Mansfield,Texas,United States,Tiny House,Mobile,Delivery Available,1,1,1,400.0,84,0,42.0,12.0,279.0,https://tinyhouselistings.com/listings/the-outdoorsman-cabin-model
The Original ThinHaus,79875,"Phoenix, Arizona, United States",Phoenix,Arizona,United States,Tiny House,Mobile,Delivery Available,2,2,1,240.0,84,0,24.0,10.0,43.0,https://tinyhouselistings.com/listings/the-original-thinhaus-tiny_house
40' Off Grid Container Home In Stock For Sale,75000,"Elwood, Utah, United States",Elwood,Utah,United States,Container Home,Mobile,Delivery Available,2,0,1,320.0,87,0,40.0,8.0,216.0,https://tinyhouselistings.com/listings/40-off-grid-container-home-in-stock-for-sale
12'x34' 1 Bedroom - 1 Bathroom,28399,"Kennesaw, Georgia, United States",Kennesaw,Georgia,United States,Tiny House,Mobile,Delivery Available,1,0,1,399.0,87,0,44.0,12.0,331.0,https://tinyhouselistings.com/listings/12-x34-1-bedroom-1-bathroom
Rustic Off- Grid Tiny Home,35000,"Richmond, Indiana, United States",Richmond,Indiana,United States,Tiny House,Mobile,Used,1,2,1,250.0,87,0,20.0,8.0,36.0,https://tinyhouselistings.com/listings/rustic-off-grid-tiny-home
"The Bunkhouse: a western, hand crafted, one of a kind house on wheels",28000,"Montrose, Colorado, United States",Montrose,Colorado,United States,Other,Mobile,Delivery Available,1,0,1,260.0,88,0,33.0,8.0,53.0,https://tinyhouselistings.com/listings/the-bunkhouse-a-western-hand-crafted-one-of-a-kind-house-on-wheels
Tiny Idahomes 24' Clear Creek,58275,"Emmett, Idaho, United States",Emmett,Idaho,United States,Tiny House,Mobile,New,1,1,1,192.0,89,0,24.0,8.0,388.0,https://tinyhouselistings.com/listings/tiny-idahomes-24-clear-creek
34' Utility Trailer Conversion,30000,"Elwood, Utah, United States",Elwood,Utah,United States,Other,Mobile,Delivery Available,2,0,1,272.0,90,0,34.0,8.0,350.0,https://tinyhouselistings.com/listings/34-utility-trailer-conversion
On / Off Grid Mobile Bathroom,14900,"Parker, Colorado, United States",Parker,Colorado,United States,Other,Stationary,New,0,0,1,33.0,90,0,7.5,4.5,45.0,https://tinyhouselistings.com/listings/on-off-grid-mobile-bathroom
20' Basic Container Home,9985,"Elwood, Utah, United States",Elwood,Utah,United States,Container Home,Stationary,New,1,0,1,160.0,90,0,20.0,8.0,106.0,https://tinyhouselistings.com/listings/20-basic-container-home
Rob's Design Tiny House (Resale),49000,"Campbellfield, Victoria, Australia",Campbellfield,Victoria,Australia,Tiny House,Mobile,Delivery Available,1,1,1,100.0,98,0,,,53.0,https://tinyhouselistings.com/listings/rob-s-design-tiny-house-resale
The Whispers Tiny House (Blue/White) Resale,60000,"Campbellfield, Victoria, Australia",Campbellfield,Victoria,Australia,Tiny House,Mobile,Delivery Available,1,1,1,188.0,98,0,,,175.0,https://tinyhouselistings.com/listings/the-whispers-tiny-house-blue-white-resale
Minimalist Tiny House,78000,"Campbellfield, Victoria, Australia",Campbellfield,Victoria,Australia,Tiny House,Mobile,Delivery Available,1,1,1,130.0,98,0,,,33.0,https://tinyhouselistings.com/listings/minimalist-tiny-house
Reyes Tiny House,75000,"Campbellfield, Victoria, Australia",Campbellfield,Victoria,Australia,Tiny House,Mobile,Delivery Available,1,0,1,130.0,98,0,,,89.0,https://tinyhouselistings.com/listings/reyes-tiny-house
Custom Solar Tiny Home,119000,"Knoxville, Tennessee, United States",Knoxville,Tennessee,United States,Tiny House,Mobile,Dual Lofts,1,2,1,325.0,98,0,37.0,8.5,241.0,https://tinyhouselistings.com/listings/custom-solar-tiny-home
18' x 8' on trailer with 11' loft,21800,"canton, Michigan, United States",canton,Michigan,United States,Tiny House,Mobile,New,1,1,1,144.0,100,0,18.0,8.0,151.0,https://tinyhouselistings.com/listings/18x8-on-trailer-with-11-loft
The Almont (Camper-Cabin),29500,"Alpharetta, Georgia, United States",Alpharetta,Georgia,United States,Tiny House,Mobile,New,1,0,1,128.0,103,0,16.0,8.5,167.0,https://tinyhouselistings.com/listings/the-almont-camper-cabin
10x20ft Cottage / Cabin / Tiny House on Wood Skids,13500,"Delta, Colorado, United States",Delta,Colorado,United States,Tiny House,Mobile,Delivery Available,1,0,1,10.0,103,0,20.0,,64.0,https://tinyhouselistings.com/listings/10x20ft-cottage-cabin-tiny-house-on-wood-skids-financing-available
"Bright & Spacious, Park Model Tiny Home!",84900,"Travelers Rest, South Carolina, United States",Travelers Rest,South Carolina,United States,Park Model,Mobile,Square Feet,1,0,1,399.0,104,0,42.0,11.33,234.0,https://tinyhouselistings.com/listings/beautiful-newly-built-in-january-park-model-tiny-home
Tiny house built by 16 year old and her father.,50000,"Albany, California, United States",Albany,California,United States,Tiny House,Mobile,Delivery Available,2,2,1,160.0,105,0,20.0,8.0,204.0,https://tinyhouselistings.com/listings/tiny-house-built-by-16-year-old-and-her-father
Well-Built Tiny House on Wheels with ADA Features,50000,"Winston Salem, North Carolina, United States",Winston Salem,North Carolina,United States,Tiny House,Mobile,Used,1,0,1,196.0,106,0,24.0,8.5,133.0,https://tinyhouselistings.com/listings/well-built-tiny-house-on-wheels-with-ada-features
40' Apoca Outpost Overview,55000,"Elwood, Utah, United States",Elwood,Utah,United States,Container Home,Mobile,Delivery Available,2,0,1,320.0,107,0,40.0,8.0,378.0,https://tinyhouselistings.com/listings/40-apoca-outpost-overview
AZ tiny house haven,60000,"Phoenix, Arizona, United States",Phoenix,Arizona,United States,Tiny House,Mobile,Used,2,2,1,200.0,107,0,26.0,,132.0,https://tinyhouselistings.com/listings/az-tiny-house-haven
Custom 28' Tiny Home,40000,"Cherry Hill, New Jersey, United States",Cherry Hill,New Jersey,United States,Tiny House,Mobile,New,0,2,1,250.0,107,0,28.0,8.0,53.0,https://tinyhouselistings.com/listings/custom-modern-tiny-house-almost-400-sq-ft
Austinite: a 42 foot Custom Tiny Home on Wheels,99000,"Austin, Texas, United States",Austin,Texas,United States,Tiny House,Mobile,Delivery Available,1,1,1,336.0,109,0,42.0,8.0,379.0,https://tinyhouselistings.com/listings/custom-42x8-tiny-home-on-wheels-we-deliver
Custom Shipping Container Tiny Home,35000,"Portland, Oregon, United States",Portland,Oregon,United States,Tiny House,Mobile,Delivery Available,0,0,1,180.0,110,0,20.0,8.0,102.0,https://tinyhouselistings.com/listings/custom-shipping-container-tiny-home-tiny_house
Self contained off grid short Skoolie professionally built,30000,"Spokane, Washington, United States",Spokane,Washington,United States,Converted Bus,Mobile,Delivery Available,1,0,1,135.0,111,0,23.0,8.0,54.0,https://tinyhouselistings.com/listings/self-contained-off-grid-short-skoolie-professionally-built
Bear Ridge,77000,"Due West, South Carolina, United States",Due West,South Carolina,United States,Tiny House,Stationary,New,1,2,1,476.0,111,0,40.0,14.0,131.0,https://tinyhouselistings.com/listings/bear-ridge
Tiny House Shell Best Quality Building Materials (in progress),19900,"Ft. Pierce, Florida, United States",Ft. Pierce,Florida,United States,Tiny House,Mobile,New,0,2,1,200.0,116,0,24.0,8.0,104.0,https://tinyhouselistings.com/listings/tiny-house-shell-best-quality-building-materials-in-progress
Wood Lovers Dream Amazing Tiny House!,49900,"Ft Pierce , Florida, United States",Ft Pierce ,Florida,United States,Tiny House,Mobile,New,1,1,1,140.0,116,0,20.0,8.5,210.0,https://tinyhouselistings.com/listings/wood-lovers-dream-amazing-tiny-house
"NOAH Certified, Custom Built, Spacious & Open Floor Plan 28 x 8.5 Tiny Home on Wheels",72000,"Flat Rock, North Carolina, United States",Flat Rock,North Carolina,United States,Tiny House,Mobile,Used,1,2,1,220.0,114,0,28.0,8.5,265.0,https://tinyhouselistings.com/listings/custom-built-spacious-open-floor-plan-28-x-8-5-tiny-home-on-wheels
Spacious and Luxurious Tiny Homes: Bay Cottage and Tiny Victorian,39900,"Pacifica, California, United States",Pacifica,California,United States,Tiny House,Mobile,Delivery Available,1,1,1,211.0,118,0,18.0,8.0,323.0,https://tinyhouselistings.com/listings/spacious-and-luxurious-tiny-homes-bay-cottage-and-tiny-victorian
Hurricane proof tiny house,45000,"Trollhättan, Västra Götalands län, Sweden",Trollhättan,Västra Götalands län,Sweden,Container Home,Stationary,New,0,0,1,150.0,120,0,20.0,8.0,59.0,https://tinyhouselistings.com/listings/hurricane-proof-tiny-house
20' Off Grid Utility Trailer Conversion,45000,"Elwood, Utah, United States",Elwood,Utah,United States,Other,Mobile,Delivery Available,1,0,1,160.0,120,0,20.0,8.0,93.0,https://tinyhouselistings.com/listings/20-off-grid-utility-trailer-conversion
53' Off Grid Semi Truck Trailer Conversion,75000,"Elwood, Utah, United States",Elwood,Utah,United States,Other,Mobile,Delivery Available,1,0,1,160.0,120,0,20.0,8.0,144.0,https://tinyhouselistings.com/listings/53-off-grid-semi-truck-trailer-conversion
New Container Home on Trailer with Finance Available,44900,"Hickory Creek, Texas, United States",Hickory Creek,Texas,United States,Container Home,Mobile,Delivery Available,0,0,1,160.0,121,0,20.0,8.0,73.0,https://tinyhouselistings.com/listings/new-container-home-on-chasis-king-trailer-with-finance-available
Duramax Flat-Top Insulated Building,3710,"Commerce, California, United States",Commerce,California,United States,Tiny House Shell,Stationary,New,0,0,0,130.0,122,0,10.0,13.0,46.0,https://tinyhouselistings.com/listings/duramax-flat-top-insulated-building
40' Two Bedroom Cargo Container Home,55000,"El, Utah, United States",El,Utah,United States,Container Home,Mobile,Delivery Available,2,0,1,320.0,123,0,40.0,8.0,248.0,https://tinyhouselistings.com/listings/40-two-bedroom-cargo-container-home
8x20 Cargo Container Home Grid Tied,40000,"Elwood, Utah, United States",Elwood,Utah,United States,Container Home,Mobile,Delivery Available,1,0,1,160.0,123,0,20.0,8.0,170.0,https://tinyhouselistings.com/listings/8x20-cargo-container-home-grid-tied
Eclipse: A 30 Ft Luxury Tiny Home on Wheels,158900,"Portland, Oregon, United States",Portland,Oregon,United States,Tiny House,Mobile,Delivery Available,2,2,1,255.0,124,0,30.0,8.0,112.0,https://tinyhouselistings.com/listings/the-eclipse
Tiny Office/Home/container,22000,"los angeles, California, United States",los angeles,California,United States,Tiny House,Mobile,Square Feet,0,0,0,160.0,124,0,20.0,8.0,36.0,https://tinyhouselistings.com/listings/tiny-office-home-container
"Cozy, Rustic Hand-Crafted Tiny House On Wheels",12000,"Ogden, Utah, United States",Ogden,Utah,United States,Tiny House,Mobile,Square Feet,1,1,0,65.0,125,0,10.0,6.0,93.0,https://tinyhouselistings.com/listings/cozy-rustic-hand-crafted-tiny-house
Homesite For Gardening and Forest Bathing,150,"Wadena, Minnesota, United States",Wadena,Minnesota,United States,Parking,Mobile,Comes With Land,0,0,0,0.0,126,0,,,38.0,https://tinyhouselistings.com/listings/homesite-for-gardening-and-forest-bathing
New Luxury Tiny Home!,43500,"Portland , Oregon, United States",Portland ,Oregon,United States,Tiny House,Mobile,New,0,1,1,130.0,127,0,16.0,8.0,290.0,https://tinyhouselistings.com/listings/new-luxury
Private Lakefront Tiny House White Mountains,125000,"Whitefield , New Hampshire, United States",Whitefield ,New Hampshire,United States,Tiny House,Mobile,Comes With Land,1,1,1,145.0,31,0,18.0,8.0,18.0,https://tinyhouselistings.com/listings/private-lakefront-tiny-house
Tiny House,850,"Leesburg, Florida, United States",Leesburg,Florida,United States,Tiny House,Mobile,Used,1,0,1,200.0,128,0,20.0,,34.0,https://tinyhouselistings.com/listings/tiny-house-tiny_house-mobile-rent
20' Off Grid Bunkhouse,80000,"Elwood, Utah, United States",Elwood,Utah,United States,Container Home,Mobile,Delivery Available,1,0,1,160.0,129,0,20.0,20.0,104.0,https://tinyhouselistings.com/listings/20-off-grid-bunkhouse
The Allegra,900,"LEESBURG, Florida, United States",LEESBURG,Florida,United States,Tiny House,Mobile,Used,0,1,1,200.0,129,0,24.0,8.0,26.0,https://tinyhouselistings.com/listings/eagle-s-nest
Custom 20x8 Tiny House on Wheels - Price Just Reduced!,22500,"Thetford Center, Vermont, United States",Thetford Center,Vermont,United States,Tiny House,Mobile,Square Feet,1,1,1,160.0,87,0,20.0,8.5,85.0,https://tinyhouselistings.com/listings/new-custom-20x8-tiny-house-on-wheels
Post-Quarantine Freedom Tiny Home/Camper,24000,"Chesapeake, Virginia, United States",Chesapeake,Virginia,United States,Camper,Mobile,Square Feet,1,0,1,256.0,138,0,32.0,8.0,657.0,https://tinyhouselistings.com/listings/post-quarantine-freedom-tiny-home-camper
32 Ft Luxury Tiny House w/ Exandable Sides to 14’ Wide,85000,"Odessa, Florida, United States",Odessa,Florida,United States,Tiny House,Mobile,New,2,1,1,360.0,139,0,32.0,8.5,243.0,https://tinyhouselistings.com/listings/32-ft-luxury-tiny-house-w-exandable-sides-to-14-wide
A Fresh Adventure,45000,"Spring City, Tennessee, United States",Spring City,Tennessee,United States,Tiny House,Mobile,New,1,1,1,160.0,140,0,20.0,8.0,278.0,https://tinyhouselistings.com/listings/a-fresh-adventure
Hidden Acre Cottage,48000,"lamont, Florida, United States",lamont,Florida,United States,Tiny House,Stationary,Comes With Land,1,0,1,336.0,134,0,28.0,12.0,76.0,https://tinyhouselistings.com/listings/hidden-acre-cottage
Off Grid 2020 Elusive Trailers Lo-Profile Cabin with Power loft & solar system,25000,"McMinnville, Oregon, United States",McMinnville,Oregon,United States,RV,Mobile,Delivery Available,1,1,1,96.0,148,0,16.0,8.0,182.0,https://tinyhouselistings.com/listings/off-grid-2020-elusive-trailers-lo-profile-cabin-with-power-loft-solar-system
2020 Aspen by Homestead Tiny House,47500,"Alpharetta, Georgia, United States",Alpharetta,Georgia,United States,Tiny House,Mobile,New,2,2,1,192.0,152,0,24.0,8.0,692.0,https://tinyhouselistings.com/listings/2020-aspen-by-homestead-tiny-house
Tiny House for sale!!!!,25000,"Bellows Falls, Vermont, United States",Bellows Falls,Vermont,United States,Tiny House,Mobile,Square Feet,1,0,1,224.0,154,0,32.0,8.0,90.0,https://tinyhouselistings.com/listings/tiny-house-for-sale-db32708f-306d-44c7-bb8e-55baf5b49c76
Blue Mountain Tiny Home,85000,"La Grande , Oregon, United States",La Grande ,Oregon,United States,Tiny House,Mobile,New,1,1,1,400.0,156,0,35.0,11.5,360.0,https://tinyhouselistings.com/listings/blue-mountain-tiny-home
Florida Large Tiny House on Wheels - Reduced!,49700,"Green Cove Springs, Florida, United States",Green Cove Springs,Florida,United States,Tiny House,Mobile,Used,1,1,1,350.0,158,0,34.0,8.5,102.0,https://tinyhouselistings.com/listings/florida-large-tiny-house-on-wheels-move-in-ready
Custom OPEN Tiny Dream!,76999,"flagstaff, Arizona, United States",flagstaff,Arizona,United States,Tiny House,Mobile,Used,0,2,1,250.0,159,0,28.0,8.5,178.0,https://tinyhouselistings.com/listings/custom-open-tiny-dream-tiny_house
Finished Tiny Cabin,15000,"Beatty , Oregon, United States",Beatty ,Oregon,United States,Cabin,Mobile,Used,0,1,0,190.0,161,0,16.0,12.0,45.0,https://tinyhouselistings.com/listings/finished-tiny-cabin
20’ Roanoke Tumbleweed - New,62000,"Malibu, California, United States",Malibu,California,United States,Tiny House,Mobile,New,1,1,1,139.0,163,0,20.0,8.0,115.0,https://tinyhouselistings.com/listings/20-roanoke-tumbleweed-new
The Westhaven Home,70000,"bend, Oregon, United States",bend,Oregon,United States,Tiny House,Mobile,New,1,1,1,205.0,164,0,24.0,8.5,263.0,https://tinyhouselistings.com/listings/the-westhaven-home
Tiny House Shell,25000,"Prather, California, United States",Prather,California,United States,Tiny House Shell,Mobile,Dual Lofts,0,2,1,160.0,164,0,20.0,8.5,22.0,https://tinyhouselistings.com/listings/tiny-house-shell-tiny_house_shell-mobile-purchase
40' Off Grid Outpost Smart Home,90000,"Elwood, Utah, United States",Elwood,Utah,United States,Container Home,Mobile,Delivery Available,2,0,1,320.0,164,0,40.0,8.0,326.0,https://tinyhouselistings.com/listings/40-off-grid-outpost-smart-home
40' Off Grid Smart Home,95000,"Elwoo, Utah, United States",Elwoo,Utah,United States,Container Home,Mobile,Delivery Available,2,0,1,320.0,166,0,40.0,8.0,178.0,https://tinyhouselistings.com/listings/40-off-grid-smart-home-container_home
"Toy hauler, excellent condition, 27’, lots of fun",26500,"Arivaca , Arizona, United States",Arivaca ,Arizona,United States,Camper,Mobile,Used,1,0,1,216.0,167,0,27.0,8.0,39.0,https://tinyhouselistings.com/listings/toy-hauler-excellent-condition-27-lots-of-fun
Grand Champion 24' Tiny House on wheels,62000,"Bandera, Texas, United States",Bandera,Texas,United States,Tiny House,Mobile,New,2,2,1,192.0,168,0,24.0,8.5,378.0,https://tinyhouselistings.com/listings/grand-champion-24-tiny-house-on-wheels
Off-Grid 32' Tiny House On Wheels for Sale,85000,"Spring Grove, Pennsylvania, United States",Spring Grove,Pennsylvania,United States,Tiny House,Mobile,Used,2,2,1,240.0,170,0,30.0,8.0,110.0,https://tinyhouselistings.com/listings/off-grid-32-tiny-house-on-wheels-for-rent-or-sale
Amazing Grace,29900,"Industry , Pennsylvania, United States",Industry ,Pennsylvania,United States,Tiny House,Mobile,Used,0,2,1,160.0,173,0,20.0,8.5,149.0,https://tinyhouselistings.com/listings/amazing-grace
ARCHV,39000,"Norman, Oklahoma, United States",Norman,Oklahoma,United States,Park Model,Mobile,Delivery Available,1,0,1,160.0,174,0,20.0,8.0,208.0,https://tinyhouselistings.com/listings/archv-park_model
Top-Of-The-Line 2001 Winnebago Ultimate Freedom 40-JD,53000,"Mount Pleasant, Texas, United States",Mount Pleasant,Texas,United States,RV,Mobile,Delivery Available,1,0,1,320.0,175,0,40.0,8.0,145.0,https://tinyhouselistings.com/listings/top-of-the-line-2001-winnebago-ultimate-freedom-40-wd
"INTENTIONAL Tiny House - EMF Resistant, Micro Office with Full Roof Skylight",12500,"Pittsburgh, Pennsylvania, United States",Pittsburgh,Pennsylvania,United States,Tiny House,Mobile,Delivery Available,0,1,0,60.0,176,0,10.0,6.0,22.0,https://tinyhouselistings.com/listings/intentional-tiny-house-emf-resistant-micro-office-with-full-roof-skylight
New Tiny home,22000,"El Cajon , California, United States",El Cajon ,California,United States,Tiny House,Mobile,New,1,1,1,18.0,177,0,18.0,8.0,193.0,https://tinyhouselistings.com/listings/new-tiny-home-67cca016-8ce9-44e9-8532-1495a4673356
30' ft Custom off grid Tiny House on Wheels,65000,"Flagstaff, Arizona, United States",Flagstaff,Arizona,United States,Tiny House,Mobile,Delivery Available,1,1,1,280.0,173,0,30.0,8.5,230.0,https://tinyhouselistings.com/listings/30-ft-custom-off-grid-tiny-house-on-wheels
Off-Grid Tiny House For Sale.,75000,"Spring Grove, Pennsylvania, United States",Spring Grove,Pennsylvania,United States,Tiny House,Mobile,Dual Lofts,1,2,1,272.0,180,0,32.0,8.5,116.0,https://tinyhouselistings.com/listings/off-grid-tiny-house-for-sale
Tiny House - can be moved -10ft.x16ft,24000,"Bangor, Pennsylvania, United States",Bangor,Pennsylvania,United States,Tiny House,Mobile,Delivery Available,0,1,1,160.0,180,0,16.0,10.0,272.0,https://tinyhouselistings.com/listings/tiny-house-can-be-moved-or-converted-to-moible-10ft-x16ft
Dutch houseboat style Tiny House on Wheels,21000,"Huachuca City, Arizona, United States",Huachuca City,Arizona,United States,Tiny House,Mobile,Delivery Available,0,2,1,160.0,182,0,20.0,8.0,102.0,https://tinyhouselistings.com/listings/dutch-houseboat-style-tiny-house-on-wheels
Firefly,25000,"Washington, Missouri, United States",Washington,Missouri,United States,Tiny House,Mobile,Used,1,1,1,208.0,182,0,25.0,8.0,118.0,https://tinyhouselistings.com/listings/firefly-tiny_house
Off Grid Sustainable Smart Homes,95000,"Elwood, Utah, United States",Elwood,Utah,United States,Container Home,Mobile,New,1,0,2,320.0,182,0,40.0,8.0,72.0,https://tinyhouselistings.com/listings/off-grid-sustainable-smart-homes
40' Off Grid Smart Home,95000,"Elwood, Utah, United States",Elwood,Utah,United States,Container Home,Stationary,New,2,0,1,320.0,0,0,40.0,8.0,12.0,https://tinyhouselistings.com/listings/40-off-grid-smart-home
Craftsman Tiny House,75000,"Torrington, Wyoming, United States",Torrington,Wyoming,United States,Tiny House,Floating,Delivery Available,2,2,1,293.0,183,0,24.0,8.0,102.0,https://tinyhouselistings.com/listings/craftsman-tiny-house-tiny_house-floating
Spacious Tiny House,34500,"PUEBLO WEST, Colorado, United States",PUEBLO WEST,Colorado,United States,Tiny House,Mobile,New,1,0,1,200.0,184,0,20.0,10.0,113.0,https://tinyhouselistings.com/listings/spacious-tiny-house-tiny_house-stationary-purchase
"Beautiful, New 23x8 Tiny House",46500,"Penn Yan, New York, United States",Penn Yan,New York,United States,Tiny House,Mobile,New,1,1,1,160.0,187,0,23.0,8.0,286.0,https://tinyhouselistings.com/listings/beautiful-new-23x8-tiny-house
Tiny cabin,5500,"Waynesboro, Virginia, United States",Waynesboro,Virginia,United States,Tiny House,Mobile,New,1,0,1,40.0,192,0,8.0,5.0,61.0,https://tinyhouselistings.com/listings/micro-cabin-tiny_house_trailer
Elegant Tiny House,97000,"Covington, Washington, United States",Covington,Washington,United States,Tiny House,Mobile,Delivery Available,1,2,1,168.0,192,0,24.0,7.0,137.0,https://tinyhouselistings.com/listings/elegant-tiny-house
Award Winning Custom Tiny Home For Sale,87000,"Carrollton, Georgia, United States",Carrollton,Georgia,United States,Other,Mobile,Used,1,1,1,200.0,193,0,24.5,8.0,80.0,https://tinyhouselistings.com/listings/award-winning-custom-tiny-home-for-sale
Beautiful Unique Tiny House on Wheels,49000,"Port Townsend, Washington, United States",Port Townsend,Washington,United States,Converted Bus,Mobile,Used,2,2,0,150.0,195,0,18.75,8.0,218.0,https://tinyhouselistings.com/listings/beautiful-unique-house-bus
10 Foot Ceiling Park Model RV,62900,"Mansfield, Texas, United States",Mansfield,Texas,United States,Park Model,Stationary,New,1,0,1,399.0,198,0,36.0,15.0,410.0,https://tinyhouselistings.com/listings/10-foot-ceiling-park-model-rv
THE ALT 20' Luxury Flagship Container home on wheels!,59800,"Las Vegas, Nevada, United States",Las Vegas,Nevada,United States,Container Home,Mobile,Delivery Available,0,0,1,160.0,203,0,20.0,8.0,34.0,https://tinyhouselistings.com/listings/the-alt-20-luxury-flagship-container-home-on-wheels
Tiny house 90% complete- Ready for finishing!,45000,"Delta, Ontario, Canada",Delta,Ontario,Canada,Tiny House,Mobile,New,1,1,1,200.0,204,0,24.0,8.0,32.0,https://tinyhouselistings.com/listings/tiny-house-90-complete-ready-for-finishing
Modern Tiny Cabin on Wheels- Take Me To Your Favorite Place,22990,"Walsenburg, Colorado, United States",Walsenburg,Colorado,United States,Tiny House,Mobile,Delivery Available,0,1,1,163.0,207,0,16.0,8.0,203.0,https://tinyhouselistings.com/listings/modern-tiny-cabin-on-wheels-take-me-to-your-favorite-place
Brand New Off-Grid Capable Gorgeous Tiny House on Wheels,80000,"Gilbert , Arizona, United States",Gilbert ,Arizona,United States,Tiny House,Mobile,New,1,1,1,200.0,192,0,24.0,8.0,250.0,https://tinyhouselistings.com/listings/brand-new-off-grid-capable-gorgeous-tiny-house-on-wheels
New container Tiny Home studio or Office. 15% Discount,25075,"Valencia, California, United States",Valencia,California,United States,Tiny House,Stationary,New,1,0,0,160.0,217,0,20.0,8.0,48.0,https://tinyhouselistings.com/listings/new-container-tiny-home-studio-or-office
Brand new tiny home for sale,40000,"Atlanta, Georgia, United States",Atlanta,Georgia,United States,Tiny House,Mobile,New,1,2,1,0.0,221,0,24.0,8.0,425.0,https://tinyhouselistings.com/listings/brand-new-tiny-home-for-sale-tiny_house
Quaint Cottage,41600,"Duewest, South Carolina, United States",Duewest,South Carolina,United States,Tiny House,Stationary,New,0,2,1,264.0,223,0,28.0,12.0,272.0,https://tinyhouselistings.com/listings/quaint-cottage
Traditional Mongolian Yurt (ger),7200,"Flagstaff, Arizona, United States",Flagstaff,Arizona,United States,Other,Mobile,New,1,0,0,285.0,221,0,,,79.0,https://tinyhouselistings.com/listings/traditional-mongolian-yurt-ger-other
The ARION a Roof top deck tiny house,88620,"emmett, Idaho, United States",emmett,Idaho,United States,Tiny House,Mobile,Delivery Available,2,2,1,208.0,224,0,26.0,8.6,958.0,https://tinyhouselistings.com/listings/the-arion-a-roof-top-deck-tiny-house
The Joshua Tree,70000,"Bend, Oregon, United States",Bend,Oregon,United States,Tiny House,Mobile,Delivery Available,2,1,1,231.0,225,0,26.0,8.5,689.0,https://tinyhouselistings.com/listings/spindrift-presents-joshua-tree-tiny-home
Rustic Tiny Dream Home,55000,"Marble Falls, Texas, United States",Marble Falls,Texas,United States,Tiny House,Mobile,Used,1,2,1,170.0,228,0,20.0,8.5,42.0,https://tinyhouselistings.com/listings/rustic-tiny-dream-home
2017 Platinum Tiny Cottage,59900,"Wylie, Texas, United States",Wylie,Texas,United States,Tiny House,Mobile,Used,1,0,1,399.0,230,0,44.0,11.5,411.0,https://tinyhouselistings.com/listings/2017-platinum-tiny-cottage
Duramax Tiny Home 8.5' x 20' Gable Roof Shell,7599,"Commerce, California, United States",Commerce,California,United States,Tiny House Shell,Stationary,New,1,0,0,169.0,230,0,20.0,8.5,55.0,https://tinyhouselistings.com/listings/duramax-tiny-home-8-5-x-20-gable-roof-shell
